part,outlier_type,outlier_ratio,seed,rmse,msll,f1
C=25,asymmetric,0.4,0,0.2513028905604297,2.0367567352716107,0.8943089430894308
C=25,asymmetric,0.4,1,0.198889403078443,-0.2437257566780151,0.995
C=25,asymmetric,0.4,2,0.19567521025874204,-1.0875844631438716,1.0
C=25,asymmetric,0.4,3,0.2159504037675128,-1.03786082959436,0.9875930521091811
C=25,asymmetric,0.4,4,0.18776318159501437,-1.4237370604272779,0.9949748743718593
C=25,asymmetric,0.4,5,0.16670989307023362,-1.496577005195297,0.9924433249370278
C=25,asymmetric,0.4,6,0.1631916995695925,-1.6384927594493532,0.982716049382716
C=25,asymmetric,0.4,7,0.2095996338964926,-1.3388557848660374,0.9361702127659575
C=25,asymmetric,0.4,8,0.156682620661579,-1.6437205602916918,1.0
C=25,asymmetric,0.4,9,0.2610532601654426,-0.5492994380555107,0.984848484848485
C=25,focused,0.4,0,0.4122606147739651,10.42419656371739,0.9669211195928753
C=25,focused,0.4,1,0.22004827632094445,-0.6314147630065459,0.9583333333333334
C=25,focused,0.4,2,0.17325543273161542,-1.335781558300141,1.0
C=25,focused,0.4,3,0.18451714688267698,-1.2694615691213778,0.9583333333333334
C=25,focused,0.4,4,0.14586964878441352,-1.5640951886943615,1.0
C=25,focused,0.4,5,0.18292480967643038,-0.820512645202379,0.9975062344139651
C=25,focused,0.4,6,0.15184398868159604,-1.7447330459584993,1.0
C=25,focused,0.4,7,0.12159813223171773,-1.8874621423353837,0.9950248756218906
C=25,focused,0.4,8,0.284602542900398,-0.3743051632508774,0.5454545454545454
C=25,focused,0.4,9,0.8781905503408857,16.13539406318241,0.7917888563049854
C=25,uniform,0.4,0,0.1943623647475453,-0.8849152614606047,0.9974937343358395
C=25,uniform,0.4,1,1.1576645383923367,0.7895320926951538,0.5611510791366906
C=25,uniform,0.4,2,0.1490712943412154,-1.737751823138218,1.0
C=25,uniform,0.4,3,0.31441726263277475,-0.82384884610005,0.8338192419825073
C=25,uniform,0.4,4,0.20083049807025924,-1.1759045920438713,0.9949748743718593
C=25,uniform,0.4,5,0.16008265558479928,3.1391100055711476,0.977886977886978
C=25,uniform,0.4,6,0.16876629125735992,-0.7929922326391905,0.9975062344139651
C=25,uniform,0.4,7,0.1689884337808347,-1.3319773399159829,0.888888888888889
C=25,uniform,0.4,8,0.20409172898475558,-0.8011645126201056,0.9925558312655086
C=25,uniform,0.4,9,0.1842170263946868,-1.3633578683854595,0.995
C=50,asymmetric,0.4,0,0.12064608525172092,-1.755989904654332,0.9950248756218906
C=50,asymmetric,0.4,1,0.09505596021555379,-2.2509348081535374,1.0
C=50,asymmetric,0.4,2,0.1315789842196484,-1.6124784491683966,0.9950248756218906
C=50,asymmetric,0.4,3,0.10147983050620406,-2.0553634290643057,1.0
C=50,asymmetric,0.4,4,0.14535069134214748,-1.7077141353669303,1.0
C=50,asymmetric,0.4,5,0.10990816749977682,-1.8287359448933471,1.0
C=50,asymmetric,0.4,6,0.09845065494151663,-2.1922853416679158,0.9950248756218906
C=50,asymmetric,0.4,7,0.12199341105913107,-1.958430065734398,1.0
C=50,asymmetric,0.4,8,0.11252109499520663,-1.980930023538764,1.0
C=50,asymmetric,0.4,9,0.11593270014924009,-1.9949811508404307,1.0
C=50,focused,0.4,0,0.08984031040066903,-2.2825003189594124,1.0
C=50,focused,0.4,1,0.09792885816236521,-1.944514421034802,0.9975062344139651
C=50,focused,0.4,2,0.1696979865875248,-1.2633575098781193,1.0
C=50,focused,0.4,3,0.10516152342431802,-2.013457400116002,0.9949748743718593
C=50,focused,0.4,4,0.08655496673310398,-2.2050183225024744,1.0
C=50,focused,0.4,5,0.10064458095672821,-2.123442299306448,1.0
C=50,focused,0.4,6,0.09966774717902274,-2.280121006789499,1.0
C=50,focused,0.4,7,0.10598096924485774,-2.107678186540534,0.9105691056910568
C=50,focused,0.4,8,0.12005752166869647,-1.9356068979444978,1.0
C=50,focused,0.4,9,0.09976193253362432,-2.0964562650307745,1.0
C=50,uniform,0.4,0,0.09920694346614917,-2.095246922804713,0.9975062344139651
C=50,uniform,0.4,1,0.12638813190012319,-1.9013005718009421,1.0
C=50,uniform,0.4,2,0.10950788948503433,-2.08406198915483,1.0
C=50,uniform,0.4,3,0.13172661063286692,-1.7846053627879757,1.0
C=50,uniform,0.4,4,0.11636564712253865,-2.0982986706063644,0.9975062344139651
C=50,uniform,0.4,5,0.0987331260839968,-2.09824957394814,1.0
C=50,uniform,0.4,6,0.1000753863897246,-2.110975988499802,1.0
C=50,uniform,0.4,7,0.10441971020541857,-2.0348628714616845,1.0
C=50,uniform,0.4,8,0.1491620843183629,-1.5675815912756041,0.9975062344139651
C=50,uniform,0.4,9,0.11927030275623772,-1.983788555702973,1.0
C=100,asymmetric,0.4,0,0.062124976598388906,-2.6177148071009575,1.0
C=100,asymmetric,0.4,1,0.06726645285616333,-2.542812324069052,1.0
C=100,asymmetric,0.4,2,0.06598215001335477,-2.635189068146649,1.0
C=100,asymmetric,0.4,3,0.07973032516070686,-2.3592072474029044,0.9975062344139651
C=100,asymmetric,0.4,4,0.10056913972906747,-2.3267339277994044,1.0
C=100,asymmetric,0.4,5,0.07078002656386052,-2.5695311832195022,1.0
C=100,asymmetric,0.4,6,0.07297658988896662,-2.496937103196531,0.9950248756218906
C=100,asymmetric,0.4,7,0.06649781333308437,-2.5375998092524243,1.0
C=100,asymmetric,0.4,8,0.0704112380562278,-2.5462583169961626,1.0
C=100,asymmetric,0.4,9,0.06632466776283812,-2.5518106252590402,1.0
C=100,focused,0.4,0,0.07780924800771984,-2.530275825240319,1.0
C=100,focused,0.4,1,0.05916816388396596,-2.576493303649251,1.0
C=100,focused,0.4,2,0.09788053101768387,-1.9628800861035425,1.0
C=100,focused,0.4,3,0.10003459990412848,-2.0611928916504314,1.0
C=100,focused,0.4,4,0.07529003456736794,-2.3273809492622526,1.0
C=100,focused,0.4,5,0.07384009107544347,-2.439966088047673,1.0
C=100,focused,0.4,6,0.07876735883663252,-2.376041471117685,1.0
C=100,focused,0.4,7,0.07520702895492526,-2.4779188629766713,1.0
C=100,focused,0.4,8,0.05731979170848191,-2.6615893362723484,1.0
C=100,focused,0.4,9,0.06540464049472396,-2.5182317149757965,0.9975062344139651
C=100,uniform,0.4,0,0.07634872160989897,-2.3172118622613533,0.9975062344139651
C=100,uniform,0.4,1,0.0791749487674967,-2.498499425704936,1.0
C=100,uniform,0.4,2,0.09505959355379207,-2.249290469153939,1.0
C=100,uniform,0.4,3,0.0917759168472527,-2.3207015295899276,1.0
C=100,uniform,0.4,4,0.09355308543072567,-2.4373475700274443,1.0
C=100,uniform,0.4,5,0.07385242296185011,-2.4225050063010136,1.0
C=100,uniform,0.4,6,0.07667820807749666,-2.474816686207559,0.9975062344139651
C=100,uniform,0.4,7,0.07732123859077482,-2.3910275392241997,1.0
C=100,uniform,0.4,8,0.09423957305567651,-2.3595175154003645,1.0
C=100,uniform,0.4,9,0.08158700411757629,-2.3797562679213744,1.0
P=15,asymmetric,0.4,0,0.12064608525172092,-1.755989904654332,0.9950248756218906
P=15,asymmetric,0.4,1,0.09505596021555379,-2.2509348081535374,1.0
P=15,asymmetric,0.4,2,0.1315789842196484,-1.6124784491683966,0.9950248756218906
P=15,asymmetric,0.4,3,0.10147983050620406,-2.0553634290643057,1.0
P=15,asymmetric,0.4,4,0.14535069134214748,-1.7077141353669303,1.0
P=15,asymmetric,0.4,5,0.10990816749977682,-1.8287359448933471,1.0
P=15,asymmetric,0.4,6,0.09845065494151663,-2.1922853416679158,0.9950248756218906
P=15,asymmetric,0.4,7,0.12199341105913107,-1.958430065734398,1.0
P=15,asymmetric,0.4,8,0.11252109499520663,-1.980930023538764,1.0
P=15,asymmetric,0.4,9,0.11593270014924009,-1.9949811508404307,1.0
P=15,focused,0.4,0,0.08984031040066903,-2.2825003189594124,1.0
P=15,focused,0.4,1,0.09792885816236521,-1.944514421034802,0.9975062344139651
P=15,focused,0.4,2,0.1696979865875248,-1.2633575098781193,1.0
P=15,focused,0.4,3,0.10516152342431802,-2.013457400116002,0.9949748743718593
P=15,focused,0.4,4,0.08655496673310398,-2.2050183225024744,1.0
P=15,focused,0.4,5,0.10064458095672821,-2.123442299306448,1.0
P=15,focused,0.4,6,0.09966774717902274,-2.280121006789499,1.0
P=15,focused,0.4,7,0.10598096924485774,-2.107678186540534,0.9105691056910568
P=15,focused,0.4,8,0.12005752166869647,-1.9356068979444978,1.0
P=15,focused,0.4,9,0.09976193253362432,-2.0964562650307745,1.0
P=15,uniform,0.4,0,0.09920694346614917,-2.095246922804713,0.9975062344139651
P=15,uniform,0.4,1,0.12638813190012319,-1.9013005718009421,1.0
P=15,uniform,0.4,2,0.10950788948503433,-2.08406198915483,1.0
P=15,uniform,0.4,3,0.13172661063286692,-1.7846053627879757,1.0
P=15,uniform,0.4,4,0.11636564712253865,-2.0982986706063644,0.9975062344139651
P=15,uniform,0.4,5,0.0987331260839968,-2.09824957394814,1.0
P=15,uniform,0.4,6,0.1000753863897246,-2.110975988499802,1.0
P=15,uniform,0.4,7,0.10441971020541857,-2.0348628714616845,1.0
P=15,uniform,0.4,8,0.1491620843183629,-1.5675815912756041,0.9975062344139651
P=15,uniform,0.4,9,0.11927030275623772,-1.983788555702973,1.0
P=30,asymmetric,0.4,0,0.12064608525172092,-1.755989904654332,0.9950248756218906
P=30,asymmetric,0.4,1,0.09505596021555379,-2.2509348081535374,1.0
P=30,asymmetric,0.4,2,0.1315789842196484,-1.6124784491683966,0.9950248756218906
P=30,asymmetric,0.4,3,0.10147983050620406,-2.0553634290643057,1.0
P=30,asymmetric,0.4,4,0.14535069134214748,-1.7077141353669303,1.0
P=30,asymmetric,0.4,5,0.10990816749977682,-1.8287359448933471,1.0
P=30,asymmetric,0.4,6,0.09845065494151663,-2.1922853416679158,0.9950248756218906
P=30,asymmetric,0.4,7,0.12199341105913107,-1.958430065734398,1.0
P=30,asymmetric,0.4,8,0.11252109499520663,-1.980930023538764,1.0
P=30,asymmetric,0.4,9,0.11593270014924009,-1.9949811508404307,1.0
P=30,focused,0.4,0,0.08984031040066903,-2.2825003189594124,1.0
P=30,focused,0.4,1,0.09792885816236521,-1.944514421034802,0.9975062344139651
P=30,focused,0.4,2,0.1696979865875248,-1.2633575098781193,1.0
P=30,focused,0.4,3,0.10516152342431802,-2.013457400116002,0.9949748743718593
P=30,focused,0.4,4,0.08655496673310398,-2.2050183225024744,1.0
P=30,focused,0.4,5,0.10064458095672821,-2.123442299306448,1.0
P=30,focused,0.4,6,0.09966774717902274,-2.280121006789499,1.0
P=30,focused,0.4,7,0.10598096924485774,-2.107678186540534,0.9105691056910568
P=30,focused,0.4,8,0.12005752166869647,-1.9356068979444978,1.0
P=30,focused,0.4,9,0.09976193253362432,-2.0964562650307745,1.0
P=30,uniform,0.4,0,0.09920694346614917,-2.095246922804713,0.9975062344139651
P=30,uniform,0.4,1,0.12638813190012319,-1.9013005718009421,1.0
P=30,uniform,0.4,2,0.10950788948503433,-2.08406198915483,1.0
P=30,uniform,0.4,3,0.13172661063286692,-1.7846053627879757,1.0
P=30,uniform,0.4,4,0.11636564712253865,-2.0982986706063644,0.9975062344139651
P=30,uniform,0.4,5,0.0987331260839968,-2.09824957394814,1.0
P=30,uniform,0.4,6,0.1000753863897246,-2.110975988499802,1.0
P=30,uniform,0.4,7,0.10441971020541857,-2.0348628714616845,1.0
P=30,uniform,0.4,8,0.1491620843183629,-1.5675815912756041,0.9975062344139651
P=30,uniform,0.4,9,0.11927030275623772,-1.983788555702973,1.0
P=60,asymmetric,0.4,0,0.12064608525172092,-1.755989904654332,0.9950248756218906
P=60,asymmetric,0.4,1,0.09505596021555379,-2.2509348081535374,1.0
P=60,asymmetric,0.4,2,0.1315789842196484,-1.6124784491683966,0.9950248756218906
P=60,asymmetric,0.4,3,0.10147983050620406,-2.0553634290643057,1.0
P=60,asymmetric,0.4,4,0.14535069134214748,-1.7077141353669303,1.0
P=60,asymmetric,0.4,5,0.10990816749977682,-1.8287359448933471,1.0
P=60,asymmetric,0.4,6,0.09845065494151663,-2.1922853416679158,0.9950248756218906
P=60,asymmetric,0.4,7,0.12199341105913107,-1.958430065734398,1.0
P=60,asymmetric,0.4,8,0.11252109499520663,-1.980930023538764,1.0
P=60,asymmetric,0.4,9,0.11593270014924009,-1.9949811508404307,1.0
P=60,focused,0.4,0,0.08984031040066903,-2.2825003189594124,1.0
P=60,focused,0.4,1,0.09792885816236521,-1.944514421034802,0.9975062344139651
P=60,focused,0.4,2,0.1696979865875248,-1.2633575098781193,1.0
P=60,focused,0.4,3,0.10516152342431802,-2.013457400116002,0.9949748743718593
P=60,focused,0.4,4,0.08655496673310398,-2.2050183225024744,1.0
P=60,focused,0.4,5,0.10064458095672821,-2.123442299306448,1.0
P=60,focused,0.4,6,0.09966774717902274,-2.280121006789499,1.0
P=60,focused,0.4,7,0.10598096924485774,-2.107678186540534,0.9105691056910568
P=60,focused,0.4,8,0.12005752166869647,-1.9356068979444978,1.0
P=60,focused,0.4,9,0.09976193253362432,-2.0964562650307745,1.0
P=60,uniform,0.4,0,0.09920694346614917,-2.095246922804713,0.9975062344139651
P=60,uniform,0.4,1,0.12638813190012319,-1.9013005718009421,1.0
P=60,uniform,0.4,2,0.10950788948503433,-2.08406198915483,1.0
P=60,uniform,0.4,3,0.13172661063286692,-1.7846053627879757,1.0
P=60,uniform,0.4,4,0.11636564712253865,-2.0982986706063644,0.9975062344139651
P=60,uniform,0.4,5,0.0987331260839968,-2.09824957394814,1.0
P=60,uniform,0.4,6,0.1000753863897246,-2.110975988499802,1.0
P=60,uniform,0.4,7,0.10441971020541857,-2.0348628714616845,1.0
P=60,uniform,0.4,8,0.1491620843183629,-1.5675815912756041,0.9975062344139651
P=60,uniform,0.4,9,0.11927030275623772,-1.983788555702973,1.0
P=120,asymmetric,0.4,0,0.12064608525172092,-1.755989904654332,0.9950248756218906
P=120,asymmetric,0.4,1,0.09505596021555379,-2.2509348081535374,1.0
P=120,asymmetric,0.4,2,0.1315789842196484,-1.6124784491683966,0.9950248756218906
P=120,asymmetric,0.4,3,0.10147983050620406,-2.0553634290643057,1.0
P=120,asymmetric,0.4,4,0.14535069134214748,-1.7077141353669303,1.0
P=120,asymmetric,0.4,5,0.10990816749977682,-1.8287359448933471,1.0
P=120,asymmetric,0.4,6,0.09845065494151663,-2.1922853416679158,0.9950248756218906
P=120,asymmetric,0.4,7,0.12199341105913107,-1.958430065734398,1.0
P=120,asymmetric,0.4,8,0.11252109499520663,-1.980930023538764,1.0
P=120,asymmetric,0.4,9,0.11593270014924009,-1.9949811508404307,1.0
P=120,focused,0.4,0,0.08984031040066903,-2.2825003189594124,1.0
P=120,focused,0.4,1,0.09792885816236521,-1.944514421034802,0.9975062344139651
P=120,focused,0.4,2,0.1696979865875248,-1.2633575098781193,1.0
P=120,focused,0.4,3,0.10516152342431802,-2.013457400116002,0.9949748743718593
P=120,focused,0.4,4,0.08655496673310398,-2.2050183225024744,1.0
P=120,focused,0.4,5,0.10064458095672821,-2.123442299306448,1.0
P=120,focused,0.4,6,0.09966774717902274,-2.280121006789499,1.0
P=120,focused,0.4,7,0.10598096924485774,-2.107678186540534,0.9105691056910568
P=120,focused,0.4,8,0.12005752166869647,-1.9356068979444978,1.0
P=120,focused,0.4,9,0.09976193253362432,-2.0964562650307745,1.0
P=120,uniform,0.4,0,0.09920694346614917,-2.095246922804713,0.9975062344139651
P=120,uniform,0.4,1,0.12638813190012319,-1.9013005718009421,1.0
P=120,uniform,0.4,2,0.10950788948503433,-2.08406198915483,1.0
P=120,uniform,0.4,3,0.13172661063286692,-1.7846053627879757,1.0
P=120,uniform,0.4,4,0.11636564712253865,-2.0982986706063644,0.9975062344139651
P=120,uniform,0.4,5,0.0987331260839968,-2.09824957394814,1.0
P=120,uniform,0.4,6,0.1000753863897246,-2.110975988499802,1.0
P=120,uniform,0.4,7,0.10441971020541857,-2.0348628714616845,1.0
P=120,uniform,0.4,8,0.1491620843183629,-1.5675815912756041,0.9975062344139651
P=120,uniform,0.4,9,0.11927030275623772,-1.983788555702973,1.0
tnoise-10,asymmetric,0.1,0,0.08987041751370878,-2.110175226686599,0.9433962264150945
tnoise-10,asymmetric,0.1,1,0.19727242968682832,-1.6245243077168392,0.9174311926605504
tnoise-10,asymmetric,0.1,2,0.07448345168018532,-2.5348013453344542,0.8928571428571428
tnoise-10,asymmetric,0.1,3,0.10025926657084465,-2.0488860591764952,0.9803921568627451
tnoise-10,asymmetric,0.1,4,0.0728614183903656,-2.522440085785914,0.9615384615384615
tnoise-10,asymmetric,0.1,5,0.06802261225820495,-2.438104575787201,0.9009009009009009
tnoise-10,asymmetric,0.1,6,0.08232553805438848,-2.3070688929321985,0.9259259259259259
tnoise-10,asymmetric,0.1,7,0.08593404784595156,-2.3948141115382415,0.99009900990099
tnoise-10,asymmetric,0.1,8,0.07190011618043599,-2.478299017043558,0.9174311926605504
tnoise-10,asymmetric,0.1,9,0.07945157313257412,-2.4023701717382675,0.970873786407767
tnoise-10,focused,0.1,0,0.054805317594793394,-2.776245615089605,0.9803921568627451
tnoise-10,focused,0.1,1,0.22534721367296245,-0.37979427138390615,0.8571428571428571
tnoise-10,focused,0.1,2,0.08058470285001994,-2.2834217418857414,0.9090909090909091
tnoise-10,focused,0.1,3,0.0692970626397491,-2.510298457115013,0.9615384615384615
tnoise-10,focused,0.1,4,0.06649350790205773,-2.548056254813683,0.9010989010989011
tnoise-10,focused,0.1,5,0.06860374192668138,-2.613529294805084,0.9523809523809523
tnoise-10,focused,0.1,6,0.07671760870754676,-2.3918353770945036,0.9345794392523363
tnoise-10,focused,0.1,7,0.08423192578698584,-2.3639373305621416,0.9615384615384615
tnoise-10,focused,0.1,8,0.06546312654436062,-2.5600626697424227,0.9090909090909091
tnoise-10,focused,0.1,9,0.08109206837305605,-2.32485016588886,0.9803921568627451
tnoise-10,uniform,0.1,0,0.07402274489536269,-2.504954940129189,0.9803921568627451
tnoise-10,uniform,0.1,1,0.236199603548746,0.25331283187750303,0.8771929824561403
tnoise-10,uniform,0.1,2,0.07178546031855261,-2.5400994227796345,0.8620689655172413
tnoise-10,uniform,0.1,3,0.07452697176617969,-2.435808829532211,0.99009900990099
tnoise-10,uniform,0.1,4,0.06678782790704212,-2.650020861574994,0.9345794392523363
tnoise-10,uniform,0.1,5,0.07276174415753932,-2.438670632978577,0.9174311926605504
tnoise-10,uniform,0.1,6,0.07613510720315787,-2.4124785402803903,0.9523809523809523
tnoise-10,uniform,0.1,7,0.07828971553053847,-2.304578435273058,0.970873786407767
tnoise-10,uniform,0.1,8,0.07751021432773567,-2.426998202036478,0.9433962264150945
tnoise-10,uniform,0.1,9,0.07684367907290265,-2.3642702685438857,0.970873786407767
tnoise-40,asymmetric,0.4,0,0.06580304701325224,-2.5836301379521154,0.9852216748768473
tnoise-40,asymmetric,0.4,1,0.29191642434070614,0.688994363378496,0.9732360097323601
tnoise-40,asymmetric,0.4,2,0.09029322621195872,-2.326764043996998,0.9803921568627451
tnoise-40,asymmetric,0.4,3,0.06548503221782634,-2.5887939998357594,0.99009900990099
tnoise-40,asymmetric,0.4,4,0.08991998851910327,-2.2259851578175747,0.9876543209876543
tnoise-40,asymmetric,0.4,5,0.07992516646976973,-2.328608548383935,0.99009900990099
tnoise-40,asymmetric,0.4,6,0.06689897253590643,-2.5547080421817094,0.99009900990099
tnoise-40,asymmetric,0.4,7,0.08749049749431255,-2.1930877906162882,0.9975062344139651
tnoise-40,asymmetric,0.4,8,0.0664159602063366,-2.5429772036773204,0.9925558312655086
tnoise-40,asymmetric,0.4,9,0.08516055474650452,-2.328469080593516,0.9950248756218906
tnoise-40,focused,0.4,0,0.07055404432785045,-2.6554210085613645,0.9925558312655086
tnoise-40,focused,0.4,1,0.23682849985058027,-0.7739313858222312,0.9803921568627451
tnoise-40,focused,0.4,2,0.07810330637597511,-2.2202083375556665,0.9876543209876543
tnoise-40,focused,0.4,3,0.08949605844081726,-2.0862889948361163,0.9876543209876543
tnoise-40,focused,0.4,4,0.0645138128434978,-2.5272399225611033,0.9876543209876543
tnoise-40,focused,0.4,5,0.06833858755333021,-2.503348101786584,0.9779951100244498
tnoise-40,focused,0.4,6,0.0766356167451112,-2.555316148103734,0.9925558312655086
tnoise-40,focused,0.4,7,0.07332966151749484,-2.4469697035097595,0.9975062344139651
tnoise-40,focused,0.4,8,0.11303147528588005,-1.593362555115254,0.9876543209876543
tnoise-40,focused,0.4,9,0.11686899227137962,-1.8862563265310959,0.9975062344139651
tnoise-40,uniform,0.4,0,0.07580781936500895,-2.5511994262013955,0.9925558312655086
tnoise-40,uniform,0.4,1,0.30859755390387594,1.2474173958619705,0.982716049382716
tnoise-40,uniform,0.4,2,0.07823568368167945,-2.5630185720938536,0.9852216748768473
tnoise-40,uniform,0.4,3,0.10186087881559891,-1.7485106027775439,0.9852216748768473
tnoise-40,uniform,0.4,4,0.07323483282687776,-2.6302924262711547,0.99009900990099
tnoise-40,uniform,0.4,5,0.0885572500341933,-1.9995388922391262,0.9828009828009828
tnoise-40,uniform,0.4,6,0.06763412717547365,-2.4713165235004304,0.9876543209876543
tnoise-40,uniform,0.4,7,0.08438930004271651,-2.2775773387788143,0.9975062344139651
tnoise-40,uniform,0.4,8,0.07907040986669955,-2.3139832160637006,0.9828009828009828
tnoise-40,uniform,0.4,9,0.07813215448467485,-2.3939894609741352,0.9950248756218906
