,,,,,,rmse,rmse,rmse,msll,msll,msll,f1,f1,f1,precision,precision,precision,recall,recall,recall,avg_step_ms,avg_step_ms,avg_step_ms
,,,,,,mean,std,count,mean,std,count,mean,std,count,mean,std,count,mean,std,count,mean,std,count
method,dataset,protocol,outlier_type,outlier_ratio,stream,,,,,,,,,,,,,,,,,,
guardgp,neal,fixed-stream,asymmetric,0.1,,0.1062469988410721,0.0,3,-2.10774815030142,0.0,3,1.0,0.0,3,1.0,0.0,3,1.0,0.0,3,0.46105146949243575,0.0029707023707332752,3
guardgp,neal,fixed-stream,asymmetric,0.4,,0.10352552420951171,0.0,3,-2.120133913121076,0.0,3,1.0,0.0,3,1.0,0.0,3,1.0,0.0,3,0.359717604494991,0.0016989930808617869,3
guardgp,neal,fixed-stream,asymmetric,0.8,,0.0864699689986237,0.0,3,-2.243889573159804,0.0,3,1.0,0.0,3,1.0,0.0,3,1.0,0.0,3,0.086861428407365,0.0006582985323467681,3
guardgp,neal,fixed-stream,focused,0.1,,0.1084881957402095,0.0,3,-1.8912539925816152,0.0,3,0.9803921568627452,0.0,3,0.9615384615384616,0.0,3,1.0,0.0,3,0.46308980164357694,0.0011289967826293784,3
guardgp,neal,fixed-stream,focused,0.4,,0.1123271135053477,0.0,3,-1.770198369531111,0.0,3,1.0,0.0,3,1.0,0.0,3,1.0,0.0,3,0.42317802195295534,0.14197704384561396,3
guardgp,neal,fixed-stream,focused,0.8,,0.0798713063349448,0.0,3,-1.9539243769476309,0.0,3,1.0,0.0,3,1.0,0.0,3,1.0,0.0,3,0.09706228801919874,0.005753435503508642,3
guardgp,neal,fixed-stream,uniform,0.1,,0.0999066860927695,0.0,3,-2.1139708250749703,0.0,3,1.0,0.0,3,1.0,0.0,3,1.0,0.0,3,0.5019463881752386,0.027063594035331554,3
guardgp,neal,fixed-stream,uniform,0.4,,0.0952799937098003,0.0,3,-2.1768806441213333,0.0,3,0.9950248756218906,0.0,3,0.99009900990099,0.0,3,1.0,0.0,3,0.4051295630853164,0.020775601197556445,3
guardgp,neal,fixed-stream,uniform,0.8,,0.1081749002117199,0.0,3,-2.0540134133590966,0.0,3,1.0,0.0,3,1.0,0.0,3,1.0,0.0,3,0.09216926863292174,0.001878105192772706,3
guardgp,neal,vary-stream,asymmetric,0.1,,0.11513316104030916,0.011940508255641195,10,-1.9983570796682024,0.12383168446649948,10,0.9941176470588236,0.009471488069404828,10,0.9884615384615385,0.01857868813614028,10,1.0,0.0,10,0.5099954969900072,0.07937276047874264,10
guardgp,neal,vary-stream,asymmetric,0.2,,0.11784400756597017,0.011169408175101148,10,-1.996786572482425,0.19213200971084302,10,0.9985074626865671,0.0024032133907445383,10,0.9970297029702969,0.004782632589501514,10,1.0,0.0,10,0.45082349419396406,0.02193322005716903,10
guardgp,neal,vary-stream,asymmetric,0.3,,0.10761236950982558,0.012920382870154009,10,-1.996209455598158,0.26971190592866323,10,0.9976962039104624,0.0051396606929358475,10,0.9954496902371288,0.010117339285836852,10,1.0,0.0,10,0.41800688093011873,0.014669845969609805,10
guardgp,neal,vary-stream,asymmetric,0.4,,0.11529175801801454,0.015503921432024075,10,-1.9337843253082359,0.20703061464475808,10,0.9985074626865671,0.0024032133907445218,10,0.9970297029702969,0.004782632589501503,10,1.0,0.0,10,0.3908005962717731,0.010812208835724462,10
guardgp,neal,vary-stream,asymmetric,0.5,,0.10950532540761063,0.018456325988113528,10,-2.0710042380776374,0.1698332815462984,10,0.9988103001916958,0.003124451889251445,10,0.9976408093117726,0.006188542005507539,10,1.0,0.0,10,0.3503986946863892,0.012319929902382558,10
guardgp,neal,vary-stream,asymmetric,0.6,,0.11291648400276884,0.012533837428120212,10,-2.0191806950537527,0.17810133933346872,10,0.9996672212978369,0.0007015591037533249,10,0.9993355481727575,0.0014007874463647545,10,1.0,0.0,10,0.3121442192375822,0.01068500703837085,10
guardgp,neal,vary-stream,asymmetric,0.7,,0.11306304395820924,0.028499896921155617,10,-1.9622895408656849,0.34377209783517665,10,0.9995724463627459,0.0009616995372840606,10,0.9991469178969179,0.001918401659335679,10,1.0,0.0,10,0.202224457423891,0.07191412705596577,10
guardgp,neal,vary-stream,asymmetric,0.8,,0.11575907257480503,0.025796747845248037,10,-1.9795302114073934,0.22931409800143576,10,0.9997503121098626,0.000526388291330554,10,0.9995012468827931,0.0010514638936552463,10,1.0,0.0,10,0.13641427360277658,0.07827881443356499,10
guardgp,neal,vary-stream,focused,0.1,,0.10944373741557904,0.005578251426700191,10,-2.004863450650837,0.0842386924592775,10,0.9940590176664725,0.00835047577821981,10,0.9902322775263952,0.013719981141083328,10,0.998,0.006324555320336744,10,0.46853100832263206,0.0030742221088718713,10
guardgp,neal,vary-stream,focused,0.2,,0.1098954298560795,0.015444287521971061,10,-1.9126329219574878,0.2955998699661938,10,0.9941022297546288,0.008806793210047096,10,0.9894085412980809,0.017514291107625885,10,0.999,0.0031622776601683764,10,0.4371138639829081,0.006359514940817541,10
guardgp,neal,vary-stream,focused,0.3,,0.10599464731446655,0.011541182173854962,10,-1.99866304273102,0.2167978099559265,10,0.9980197586990732,0.0041632178972941395,10,0.9960780940913392,0.008222949030421547,10,1.0,0.0,10,0.40533032373945305,0.0050328060330231215,10
guardgp,neal,vary-stream,focused,0.4,,0.10752963968909102,0.023674722765048267,10,-2.0252152628102564,0.29441720427301554,10,0.9903050214476881,0.02806625003644886,10,0.9989107715858576,0.002307005198194954,10,0.983,0.05034326612809746,10,0.3867091727632847,0.07132398078138627,10
guardgp,neal,vary-stream,focused,0.5,,0.1004786555490291,0.030581357836536188,10,-1.949936047837578,0.6240577528038076,10,0.9988031904318853,0.0013938525344585867,10,0.9976127237083412,0.002778655410178422,10,1.0,0.0,10,0.3291535691634003,0.0042397274495948436,10
guardgp,neal,vary-stream,focused,0.6,,0.10961941241725588,0.02034358551388932,10,-1.9530374491615188,0.27812309811272995,10,0.9996672212978369,0.0007015591037533332,10,0.9993355481727575,0.0014007874463647385,10,1.0,0.0,10,0.32432683958651737,0.0122177572407789,10
guardgp,neal,vary-stream,focused,0.7,,0.09054514300804058,0.011078052958605424,10,-2.1301046985045717,0.20284249378398125,10,0.9997142851311942,0.0006023405994919389,10,0.9997150997150998,0.0009009338063157685,10,0.9997142857142858,0.0009035079029052213,10,0.23027332416107954,0.07233494884161887,10
guardgp,neal,vary-stream,focused,0.8,,0.08401503069304088,0.023706919965151296,10,-2.1862201671910424,0.3616484678241495,10,0.9998751560549314,0.00039479121849791976,10,0.9997506234413965,0.0007885979202414442,10,1.0,0.0,10,0.1385842808256553,0.06860353435129807,10
guardgp,neal,vary-stream,uniform,0.1,,0.12326206777245433,0.014949514013418236,10,-1.929772757876112,0.13262997519192118,10,0.9872257814016695,0.008059637221769098,10,0.9748868778280544,0.015787347920959736,10,1.0,0.0,10,0.49542968583409674,0.029626569917207538,10
guardgp,neal,vary-stream,uniform,0.2,,0.11572001987134964,0.014939173535786965,10,-1.980380900863069,0.12653915754613818,10,0.9970296301742518,0.0047658916871339855,10,0.9941170816110738,0.009406486209790385,10,1.0,0.0,10,0.4554769165216661,0.016366975780207987,10
guardgp,neal,vary-stream,uniform,0.3,,0.10905441763476498,0.011781885242245488,10,-1.9829843290533247,0.2287844511271783,10,0.9976831975072272,0.0035005777953260437,10,0.995398922901332,0.006941133855493051,10,1.0,0.0,10,0.45296974063840817,0.06807436801571404,10
guardgp,neal,vary-stream,uniform,0.4,,0.11548558323604526,0.016576896058663214,10,-1.9758972098043028,0.1784378399775684,10,0.9992518703241895,0.001204603220797071,10,0.9985074626865671,0.0024032133907445226,10,1.0,0.0,10,0.3724817107127898,0.008533601563666306,10
guardgp,neal,vary-stream,uniform,0.5,,0.11397863374076926,0.009956756353222712,10,-1.979170153493855,0.13862415916523993,10,1.0,0.0,10,1.0,0.0,10,1.0,0.0,10,0.332822630291997,0.005207673993017684,10
guardgp,neal,vary-stream,uniform,0.6,,0.12196643056217157,0.023208767095245286,10,-1.8082564285877987,0.38522288977112235,10,0.9993360982111076,0.0016025239932350222,10,0.9986776750764778,0.0031899421568277317,10,1.0,0.0,10,0.29702790751521796,0.008050575015841983,10
guardgp,neal,vary-stream,uniform,0.7,,0.12250534726268696,0.013681833551381738,10,-1.9413961662897563,0.15630796157235294,10,0.999286733238231,0.0007518491821608368,10,0.9985754985754985,0.0015015563438596133,10,1.0,0.0,10,0.1758575341765485,0.0715270700283141,10
guardgp,neal,vary-stream,uniform,0.8,,0.11600596243583332,0.020157937674836233,10,-2.039638959642937,0.2938974227473106,10,1.0,0.0,10,1.0,0.0,10,1.0,0.0,10,0.10261721309254186,0.04170302344991886,10
rcgp,franka,fixed-stream,,,franka1_labeled.csv,0.2265319482146738,0.0012136316559097575,10,47.23507969199463,2.500744310246291,10,,,0,,,0,,,0,0.20608741363772193,0.003059753224604374,10
rcgp,franka,fixed-stream,,,franka2_labeled.csv,0.2767117128836417,0.011770205533946511,10,107.55344558295079,12.918739228843958,10,,,0,,,0,,,0,0.20515962507586244,0.003867207825877135,10
rcgp,franka,fixed-stream,,,franka3_labeled.csv,0.24674303796016167,0.001986595430933059,10,28.39937454310609,1.9407510359077773,10,,,0,,,0,,,0,0.20431918556016848,0.0018688154335864003,10
rcgp,franka,fixed-stream,,,franka4_labeled.csv,0.4212112165954169,0.014656047054178317,10,304.9956526802224,16.903542323013347,10,,,0,,,0,,,0,0.2085739669626488,0.0048464946129210444,10
rcgp,franka,fixed-stream,,,franka5_labeled.csv,0.1949816924810244,0.0022716213693810216,10,157.4569023860582,5.420647081038495,10,,,0,,,0,,,0,0.20849580343623692,0.005233739357530796,10
rcgp,franka,fixed-stream,,,franka6_labeled.csv,0.25347014269959045,0.008093733837583546,10,1020.3183355202294,126.98001189821368,10,,,0,,,0,,,0,0.21906952482071868,0.016850871331580586,10
rcgp,franka,fixed-stream,,,franka7_labeled.csv,0.01650623776053345,0.0015854193239531029,10,73.16964266588106,18.368972691666592,10,,,0,,,0,,,0,0.2078659074313951,0.004049720104134,10
rcgp,neal,fixed-stream,asymmetric,0.1,,0.09700070549930685,4.640833356846473e-07,10,-1.8954081724286655,9.263534286898748e-06,10,,,0,,,0,,,0,0.1297922250713505,0.0009254301424306376,10
rcgp,neal,fixed-stream,asymmetric,0.4,,0.3657754683794018,4.39758103689082e-06,10,-0.8271766538448574,2.1464713267463067e-05,10,,,0,,,0,,,0,0.1300739328903348,0.0009228541903598565,10
rcgp,neal,fixed-stream,asymmetric,0.8,,2.9271700666878138,7.426352811110308e-07,10,50.183469196766474,0.0012791376107907323,10,,,0,,,0,,,0,0.12941590064893593,0.000575605250091179,10
rcgp,neal,fixed-stream,focused,0.1,,0.12869937984114152,5.103555309877019e-07,10,-1.6058311301891213,5.95506247706753e-06,10,,,0,,,0,,,0,0.12988401836913038,0.0007240475390374698,10
rcgp,neal,fixed-stream,focused,0.4,,1.5434127675521319,6.291552580725383e-07,10,18.557791707583586,0.00019467927363647073,10,,,0,,,0,,,0,0.12968488206514964,0.0008499449989796513,10
rcgp,neal,fixed-stream,focused,0.8,,2.2515873627585847,4.2778196141131507e-07,10,50.666387385387765,0.0016726334884954526,10,,,0,,,0,,,0,0.13050648794413297,0.0011463343807306156,10
rcgp,neal,fixed-stream,uniform,0.1,,0.0934502370818291,3.4618935502019464e-07,10,-1.779197377735867,9.007371204694387e-06,10,,,0,,,0,,,0,0.12997488271060356,0.0004562431829871703,10
rcgp,neal,fixed-stream,uniform,0.4,,0.14112508877543978,2.1835414839147942e-07,10,-1.5376537668356343,7.730394325010747e-06,10,,,0,,,0,,,0,0.1297202480845558,0.0008998847495526642,10
rcgp,neal,fixed-stream,uniform,0.8,,1.4769991445981048,2.1289035135425736e-05,10,10.101614531224971,0.0005444123664099363,10,,,0,,,0,,,0,0.13015828926733733,0.0007173569769050619,10
rcgp,neal,vary-stream,asymmetric,0.1,,0.09925498396716514,0.01761286919058549,10,-1.8089688298562003,0.11187781095917192,10,,,0,,,0,,,0,0.12776673601879535,0.001067458785522284,10
rcgp,neal,vary-stream,asymmetric,0.2,,0.1393052935402534,0.03397465022409485,10,-1.7036230299601836,0.06353869692078004,10,,,0,,,0,,,0,0.1276437705572512,0.0006522899153169951,10
rcgp,neal,vary-stream,asymmetric,0.3,,0.17999441246739378,0.019945511027670376,10,-1.6740505061104591,0.08189695723702745,10,,,0,,,0,,,0,0.12790224364320946,0.0005467682068011561,10
rcgp,neal,vary-stream,asymmetric,0.4,,0.3410231960483141,0.10125115831675853,10,-0.9806426099034626,0.5243668464999595,10,,,0,,,0,,,0,0.12805452483640373,0.000584356254103814,10
rcgp,neal,vary-stream,asymmetric,0.5,,1.1294896536209056,0.41831442178460404,10,8.586509591323635,6.313408802179541,10,,,0,,,0,,,0,0.12819337418161164,0.0008373618713961143,10
rcgp,neal,vary-stream,asymmetric,0.6,,2.206904020753321,0.2894864371633635,10,42.99431573643991,11.871482228134987,10,,,0,,,0,,,0,0.1280195699528912,0.0006467505053772523,10
rcgp,neal,vary-stream,asymmetric,0.7,,2.7647923510709242,0.09996892871272589,10,77.26928751629131,18.806542895070102,10,,,0,,,0,,,0,0.12861973494696227,0.0013789942738716627,10
rcgp,neal,vary-stream,asymmetric,0.8,,3.01511628498314,0.07968051925849658,10,96.75227713161527,19.474955787309067,10,,,0,,,0,,,0,0.1282664945313666,0.0006007558755651705,10
rcgp,neal,vary-stream,focused,0.1,,0.14383041134148816,0.030891433487797323,10,-1.6990842510295974,0.10048034088868228,10,,,0,,,0,,,0,0.12902654961773957,0.001666409969502277,10
rcgp,neal,vary-stream,focused,0.2,,0.6765195573087779,0.3312582425626222,10,4.594996732771891,5.354982328949084,10,,,0,,,0,,,0,0.1282963602937778,0.0006596734451020981,10
rcgp,neal,vary-stream,focused,0.3,,1.2677454356595397,0.20520221266899247,10,19.031674908870684,6.948032173767492,10,,,0,,,0,,,0,0.12870911470837076,0.0006290374190234385,10
rcgp,neal,vary-stream,focused,0.4,,1.5919801610492892,0.05617190096065596,10,28.908464047404493,8.858817146420863,10,,,0,,,0,,,0,0.1284743269017148,0.0008723403349185494,10
rcgp,neal,vary-stream,focused,0.5,,1.817797757602023,0.06695543268097735,10,42.456113763445316,19.755038475303287,10,,,0,,,0,,,0,0.12829003267815212,0.0008310994469358425,10
rcgp,neal,vary-stream,focused,0.6,,1.9960141676988887,0.04275483298368836,10,50.28166585618211,20.324913135306616,10,,,0,,,0,,,0,0.1281509766261518,0.0005138859407436179,10
rcgp,neal,vary-stream,focused,0.7,,2.152825562550217,0.06783591173268233,10,57.043159668506995,12.363882277787372,10,,,0,,,0,,,0,0.12800615764875975,0.000988813272260547,10
rcgp,neal,vary-stream,focused,0.8,,2.3026877749833146,0.0455031151120323,10,63.45760711063605,17.822241169324503,10,,,0,,,0,,,0,0.12707033705816642,0.000586599844739521,10
rcgp,neal,vary-stream,uniform,0.1,,0.10012537775929156,0.005322356320660482,10,-1.7847269596583986,0.07127454761486333,10,,,0,,,0,,,0,0.12721419678596046,0.0003349283535797444,10
rcgp,neal,vary-stream,uniform,0.2,,0.10859572889764288,0.012271398654026976,10,-1.7990870294628643,0.08538974245130863,10,,,0,,,0,,,0,0.12707831158363458,0.0007027837308350442,10
rcgp,neal,vary-stream,uniform,0.3,,0.13093648927413643,0.020454744924668714,10,-1.779848629095635,0.1283612697621707,10,,,0,,,0,,,0,0.1271889097710221,0.00030072770188922516,10
rcgp,neal,vary-stream,uniform,0.4,,0.17790798357547472,0.0539619253836479,10,-1.6049997320342793,0.16569549539287948,10,,,0,,,0,,,0,0.12687949236588672,0.0002630190892268092,10
rcgp,neal,vary-stream,uniform,0.5,,0.34988305394950914,0.14576530980518126,10,-1.0771041708601197,0.5828795639673345,10,,,0,,,0,,,0,0.12719118501991028,0.0007326066629774334,10
rcgp,neal,vary-stream,uniform,0.6,,0.4355465166060064,0.25451038410753957,10,0.005120072973678669,2.7011234824910124,10,,,0,,,0,,,0,0.12727062735433242,0.0007999536395376915,10
rcgp,neal,vary-stream,uniform,0.7,,0.9416202795710064,0.3760365880203492,10,5.922292764580759,7.26563888308937,10,,,0,,,0,,,0,0.12763966181765957,0.0006381947834566702,10
rcgp,neal,vary-stream,uniform,0.8,,1.8667434731504464,0.2356855946550043,10,23.476650740191737,8.496890576608324,10,,,0,,,0,,,0,0.12796728031547816,0.0009513399217157106,10
