seed,warmup,outlier_type,rmse,msll,f1,precision,recall,part,warmup_contam
0,20,asymmetric,0.11510263679563243,-1.9474826622426344,1.0,1.0,1.0,length,0.0
1,20,asymmetric,0.1324185980047656,-1.6415660890835502,0.9975062344139651,0.9950248756218906,1.0,length,0.0
2,20,asymmetric,0.10559787834585678,-2.188405208623289,1.0,1.0,1.0,length,0.0
3,20,asymmetric,0.1250633193813557,-1.835886939578985,1.0,1.0,1.0,length,0.0
4,20,asymmetric,0.1282973445700267,-1.7562623352712605,1.0,1.0,1.0,length,0.0
5,20,asymmetric,0.10875388271378479,-2.1550555759895595,1.0,1.0,1.0,length,0.0
6,20,asymmetric,0.09480189592027727,-2.244689168833857,1.0,1.0,1.0,length,0.0
7,20,asymmetric,0.09870341471689947,-2.1533484862147887,1.0,1.0,1.0,length,0.0
8,20,asymmetric,0.09277280217607865,-2.2358029235425865,1.0,1.0,1.0,length,0.0
9,20,asymmetric,0.13266452429531475,-1.8193861533037887,1.0,1.0,1.0,length,0.0
0,20,focused,0.110126817838739,-2.1155117686785836,1.0,1.0,1.0,length,0.0
1,20,focused,0.0919571941689769,-2.1097225690001875,1.0,1.0,1.0,length,0.0
2,20,focused,0.10807724292499282,-1.9052658048614186,0.9975062344139651,0.9950248756218906,1.0,length,0.0
3,20,focused,0.09616233703231566,-1.9021454276222223,0.9950248756218906,0.9900990099009901,1.0,length,0.0
4,20,focused,0.11131140735757326,-1.935459992447,0.9975062344139651,0.9950248756218906,1.0,length,0.0
5,20,focused,0.12761938700281417,-1.2322098325424307,0.9975062344139651,0.9950248756218906,1.0,length,0.0
6,20,focused,0.12864889736723484,-1.815897451640779,1.0,1.0,1.0,length,0.0
7,20,focused,0.1006316986373527,-2.0667417492403124,0.9975062344139651,0.9950248756218906,1.0,length,0.0
8,20,focused,0.09630524000052564,-2.0766153849865656,1.0,1.0,1.0,length,0.0
9,20,focused,0.10194233744548042,-1.9520815522268913,1.0,1.0,1.0,length,0.0
0,20,uniform,0.12954520769171024,-1.6785271005097007,0.9950248756218906,0.9900990099009901,1.0,length,0.0
1,20,uniform,0.11912904057934808,-2.049128350710576,1.0,1.0,1.0,length,0.0
2,20,uniform,0.12428009668015695,-1.6134453226499448,1.0,1.0,1.0,length,0.0
3,20,uniform,0.09525863887811396,-2.1656811093185895,1.0,1.0,1.0,length,0.0
4,20,uniform,0.1266349118168797,-1.9978997147359827,0.9975062344139651,0.9950248756218906,1.0,length,0.0
5,20,uniform,0.08939526675505449,-2.3262496072146877,1.0,1.0,1.0,length,0.0
6,20,uniform,0.10534911233438068,-2.0434098782821093,0.9975062344139651,0.9950248756218906,1.0,length,0.0
7,20,uniform,0.09687881153020592,-2.2161688302347398,1.0,1.0,1.0,length,0.0
8,20,uniform,0.11994072608427582,-2.159673620716258,0.9975062344139651,0.9950248756218906,1.0,length,0.0
9,20,uniform,0.10860656032331165,-2.0792923827277776,1.0,1.0,1.0,length,0.0
0,40,asymmetric,0.12064608525172092,-1.755989904654332,0.9950248756218906,0.9900990099009901,1.0,length,0.0
1,40,asymmetric,0.09505596021555379,-2.2509348081535374,1.0,1.0,1.0,length,0.0
2,40,asymmetric,0.1315789842196484,-1.6124784491683966,0.9950248756218906,0.9900990099009901,1.0,length,0.0
3,40,asymmetric,0.10147983050620406,-2.0553634290643057,1.0,1.0,1.0,length,0.0
4,40,asymmetric,0.14535069134214748,-1.7077141353669303,1.0,1.0,1.0,length,0.0
5,40,asymmetric,0.10990816749977682,-1.8287359448933471,1.0,1.0,1.0,length,0.0
6,40,asymmetric,0.09845065494151663,-2.1922853416679158,0.9950248756218906,0.9900990099009901,1.0,length,0.0
7,40,asymmetric,0.12199341105913107,-1.958430065734398,1.0,1.0,1.0,length,0.0
8,40,asymmetric,0.11252109499520663,-1.980930023538764,1.0,1.0,1.0,length,0.0
9,40,asymmetric,0.11593270014924009,-1.9949811508404307,1.0,1.0,1.0,length,0.0
0,40,focused,0.08984031040066903,-2.2825003189594124,1.0,1.0,1.0,length,0.0
1,40,focused,0.09792885816236521,-1.944514421034802,0.9975062344139651,0.9950248756218906,1.0,length,0.0
2,40,focused,0.1696979865875248,-1.2633575098781193,1.0,1.0,1.0,length,0.0
3,40,focused,0.10516152342431802,-2.013457400116002,0.9949748743718593,1.0,0.99,length,0.0
4,40,focused,0.08655496673310398,-2.2050183225024744,1.0,1.0,1.0,length,0.0
5,40,focused,0.10064458095672821,-2.123442299306448,1.0,1.0,1.0,length,0.0
6,40,focused,0.09966774717902274,-2.280121006789499,1.0,1.0,1.0,length,0.0
7,40,focused,0.10598096924485774,-2.107678186540534,0.9105691056910568,0.9940828402366864,0.84,length,0.0
8,40,focused,0.12005752166869647,-1.9356068979444978,1.0,1.0,1.0,length,0.0
9,40,focused,0.09976193253362432,-2.0964562650307745,1.0,1.0,1.0,length,0.0
0,40,uniform,0.09920694346614917,-2.095246922804713,0.9975062344139651,0.9950248756218906,1.0,length,0.0
1,40,uniform,0.12638813190012319,-1.9013005718009421,1.0,1.0,1.0,length,0.0
2,40,uniform,0.10950788948503433,-2.08406198915483,1.0,1.0,1.0,length,0.0
3,40,uniform,0.13172661063286692,-1.7846053627879757,1.0,1.0,1.0,length,0.0
4,40,uniform,0.11636564712253865,-2.0982986706063644,0.9975062344139651,0.9950248756218906,1.0,length,0.0
5,40,uniform,0.0987331260839968,-2.09824957394814,1.0,1.0,1.0,length,0.0
6,40,uniform,0.1000753863897246,-2.110975988499802,1.0,1.0,1.0,length,0.0
7,40,uniform,0.10441971020541857,-2.0348628714616845,1.0,1.0,1.0,length,0.0
8,40,uniform,0.1491620843183629,-1.5675815912756041,0.9975062344139651,0.9950248756218906,1.0,length,0.0
9,40,uniform,0.11927030275623772,-1.983788555702973,1.0,1.0,1.0,length,0.0
0,80,asymmetric,0.10711609966566168,-2.085232868899985,1.0,1.0,1.0,length,0.0
1,80,asymmetric,0.10486672222606712,-1.9964489285768559,1.0,1.0,1.0,length,0.0
2,80,asymmetric,0.11119691723872199,-2.1209885186360875,1.0,1.0,1.0,length,0.0
3,80,asymmetric,0.1234093890168495,-1.8692803826911997,1.0,1.0,1.0,length,0.0
4,80,asymmetric,0.1373639280776061,-1.7551928778075543,1.0,1.0,1.0,length,0.0
5,80,asymmetric,0.1161913029336874,-1.9993118196915287,1.0,1.0,1.0,length,0.0
6,80,asymmetric,0.10877192085962244,-2.2133772801742038,1.0,1.0,1.0,length,0.0
7,80,asymmetric,0.10896268756703338,-2.150870670105777,1.0,1.0,1.0,length,0.0
8,80,asymmetric,0.10471333370143496,-1.940592424637914,0.99009900990099,0.9803921568627451,1.0,length,0.0
9,80,asymmetric,0.10309087532370387,-2.009523673190675,0.9975062344139651,0.9950248756218906,1.0,length,0.0
0,80,focused,0.11330111069528734,-1.97385626827334,1.0,1.0,1.0,length,0.0
1,80,focused,0.09893818607016713,-1.8090034939040718,0.9975062344139651,0.9950248756218906,1.0,length,0.0
2,80,focused,0.10996870105871788,-1.947249515660088,1.0,1.0,1.0,length,0.0
3,80,focused,0.1308579972750151,-1.4258593728885574,1.0,1.0,1.0,length,0.0
4,80,focused,0.11589294484078685,-2.049018214028668,1.0,1.0,1.0,length,0.0
5,80,focused,0.09218440785026877,-2.095335877058631,0.9975062344139651,0.9950248756218906,1.0,length,0.0
6,80,focused,0.07879359589204064,-2.41474559733796,1.0,1.0,1.0,length,0.0
7,80,focused,0.10646384798396957,-2.0681828972582816,1.0,1.0,1.0,length,0.0
8,80,focused,0.08735861417653774,-2.190827997193678,0.9950248756218906,0.9900990099009901,1.0,length,0.0
9,80,focused,0.08547418865330163,-2.296721942513225,1.0,1.0,1.0,length,0.0
0,80,uniform,0.15173595313061103,-1.6537615056892108,1.0,1.0,1.0,length,0.0
1,80,uniform,0.13963478617659658,-1.8068096899411514,1.0,1.0,1.0,length,0.0
2,80,uniform,0.11049207746813282,-2.011341497090226,0.9975062344139651,0.9950248756218906,1.0,length,0.0
3,80,uniform,0.13453878076908377,-1.8221156863657928,1.0,1.0,1.0,length,0.0
4,80,uniform,0.1153498905971842,-2.0385035810027485,0.9975062344139651,0.9950248756218906,1.0,length,0.0
5,80,uniform,0.09049996599042757,-2.342897909173877,1.0,1.0,1.0,length,0.0
6,80,uniform,0.11283677666554558,-2.060128477335226,1.0,1.0,1.0,length,0.0
7,80,uniform,0.13131866479481288,-1.1925867171462763,1.0,1.0,1.0,length,0.0
8,80,uniform,0.10352467783063041,-2.0186714787481934,1.0,1.0,1.0,length,0.0
9,80,uniform,0.13137292851701027,-1.806813089817029,1.0,1.0,1.0,length,0.0
0,40,asymmetric,0.12064608525172092,-1.755989904654332,0.9950248756218906,0.9900990099009901,1.0,contam,0.0
1,40,asymmetric,0.09505596021555379,-2.2509348081535374,1.0,1.0,1.0,contam,0.0
2,40,asymmetric,0.1315789842196484,-1.6124784491683966,0.9950248756218906,0.9900990099009901,1.0,contam,0.0
3,40,asymmetric,0.10147983050620406,-2.0553634290643057,1.0,1.0,1.0,contam,0.0
4,40,asymmetric,0.14535069134214748,-1.7077141353669303,1.0,1.0,1.0,contam,0.0
5,40,asymmetric,0.10990816749977682,-1.8287359448933471,1.0,1.0,1.0,contam,0.0
6,40,asymmetric,0.09845065494151663,-2.1922853416679158,0.9950248756218906,0.9900990099009901,1.0,contam,0.0
7,40,asymmetric,0.12199341105913107,-1.958430065734398,1.0,1.0,1.0,contam,0.0
8,40,asymmetric,0.11252109499520663,-1.980930023538764,1.0,1.0,1.0,contam,0.0
9,40,asymmetric,0.11593270014924009,-1.9949811508404307,1.0,1.0,1.0,contam,0.0
0,40,uniform,0.09920694346614917,-2.095246922804713,0.9975062344139651,0.9950248756218906,1.0,contam,0.0
1,40,uniform,0.12638813190012319,-1.9013005718009421,1.0,1.0,1.0,contam,0.0
2,40,uniform,0.10950788948503433,-2.08406198915483,1.0,1.0,1.0,contam,0.0
3,40,uniform,0.13172661063286692,-1.7846053627879757,1.0,1.0,1.0,contam,0.0
4,40,uniform,0.11636564712253865,-2.0982986706063644,0.9975062344139651,0.9950248756218906,1.0,contam,0.0
5,40,uniform,0.0987331260839968,-2.09824957394814,1.0,1.0,1.0,contam,0.0
6,40,uniform,0.1000753863897246,-2.110975988499802,1.0,1.0,1.0,contam,0.0
7,40,uniform,0.10441971020541857,-2.0348628714616845,1.0,1.0,1.0,contam,0.0
8,40,uniform,0.1491620843183629,-1.5675815912756041,0.9975062344139651,0.9950248756218906,1.0,contam,0.0
9,40,uniform,0.11927030275623772,-1.983788555702973,1.0,1.0,1.0,contam,0.0
0,40,asymmetric,1.4748232040133713,5.955825186918294,0.0,0.0,0.0,contam,0.1
1,40,asymmetric,1.524956408074096,6.031026913595665,0.0,0.0,0.0,contam,0.1
2,40,asymmetric,1.742211171507782,2.584586997471425,0.08490566037735849,0.75,0.045,contam,0.1
3,40,asymmetric,1.592807991398648,6.780827292155435,0.0,0.0,0.0,contam,0.1
4,40,asymmetric,1.38055561215541,5.3664731689006935,0.0,0.0,0.0,contam,0.1
5,40,asymmetric,1.551896747969961,6.0716509346690275,0.0,0.0,0.0,contam,0.1
6,40,asymmetric,1.377126327597233,2.7679445751182152,0.0,0.0,0.0,contam,0.1
7,40,asymmetric,1.4972192536237763,4.478923605949274,0.0,0.0,0.0,contam,0.1
8,40,asymmetric,1.3142868623286188,4.623621283339952,0.0,0.0,0.0,contam,0.1
9,40,asymmetric,1.6341019170410183,9.066317090218545,0.0,0.0,0.0,contam,0.1
0,40,uniform,0.6094862981351948,-0.10647984813364957,0.0,0.0,0.0,contam,0.1
1,40,uniform,0.7298591393147041,-0.07827932248626061,0.0,0.0,0.0,contam,0.1
2,40,uniform,0.9662646272268314,0.16807527513249465,0.019801980198019802,1.0,0.01,contam,0.1
3,40,uniform,0.7332837889092559,0.08775501828134986,0.0,0.0,0.0,contam,0.1
4,40,uniform,0.8180549524766612,-0.19083385689574686,0.0,0.0,0.0,contam,0.1
5,40,uniform,0.7755675517556954,-0.059767695077551294,0.0,0.0,0.0,contam,0.1
6,40,uniform,0.8863767173876904,0.18899551772717588,0.0,0.0,0.0,contam,0.1
7,40,uniform,0.6891039305470462,-0.11350974199889469,0.0,0.0,0.0,contam,0.1
8,40,uniform,0.8554895745181884,0.38610731702475787,0.0,0.0,0.0,contam,0.1
9,40,uniform,0.7708242869616091,0.11832649268552117,0.0,0.0,0.0,contam,0.1
0,40,asymmetric,1.525945596765839,5.220857063366373,0.0,0.0,0.0,contam,0.2
1,40,asymmetric,1.4807852254496299,4.4709633190385585,0.0,0.0,0.0,contam,0.2
2,40,asymmetric,1.3852674030806902,4.160857721632298,0.0,0.0,0.0,contam,0.2
3,40,asymmetric,1.4092364659004013,2.3629432861998434,0.04878048780487806,1.0,0.025,contam,0.2
4,40,asymmetric,1.5256255933460574,7.867263677565692,0.0,0.0,0.0,contam,0.2
5,40,asymmetric,1.9107092103540442,3.454645158387026,0.0,0.0,0.0,contam,0.2
6,40,asymmetric,1.6061665377623828,4.602177584537956,0.0,0.0,0.0,contam,0.2
7,40,asymmetric,1.5598385410124578,2.7935994261439685,0.0,0.0,0.0,contam,0.2
8,40,asymmetric,1.5375691793524808,4.323354701666856,0.0,0.0,0.0,contam,0.2
9,40,asymmetric,1.3256791368805974,2.829787565677,0.0,0.0,0.0,contam,0.2
0,40,uniform,0.6836771316086343,-0.2547068343208391,0.0,0.0,0.0,contam,0.2
1,40,uniform,0.9364638622500656,0.031434180546096355,0.0,0.0,0.0,contam,0.2
2,40,uniform,0.8987113652513233,1.9955900427319595,0.0,0.0,0.0,contam,0.2
3,40,uniform,1.1126819823199778,0.36386072931925967,0.0,0.0,0.0,contam,0.2
4,40,uniform,0.8086083855969155,0.7829050310113003,0.0,0.0,0.0,contam,0.2
5,40,uniform,0.9903548790149174,0.1604880401171592,0.009950248756218907,1.0,0.005,contam,0.2
6,40,uniform,0.7679361552435459,0.08911283947830417,0.0,0.0,0.0,contam,0.2
7,40,uniform,0.8245416558654274,0.13936840000658016,0.0,0.0,0.0,contam,0.2
8,40,uniform,0.858496530478155,0.5081832728868186,0.0,0.0,0.0,contam,0.2
9,40,uniform,0.6896172125210135,-0.15756598949730496,0.0,0.0,0.0,contam,0.2
0,40,asymmetric,1.6823774919698469,3.806578918636184,0.0,0.0,0.0,contam,0.3
1,40,asymmetric,1.6451104661079914,2.217707148168461,0.019801980198019802,1.0,0.01,contam,0.3
2,40,asymmetric,1.4290183685488425,1.046415216242451,0.0,0.0,0.0,contam,0.3
3,40,asymmetric,1.4958775414099257,3.842251165298207,0.0,0.0,0.0,contam,0.3
4,40,asymmetric,1.4141027646918154,2.437129512679515,0.0,0.0,0.0,contam,0.3
5,40,asymmetric,1.7967070529477658,4.978404030450973,0.0,0.0,0.0,contam,0.3
6,40,asymmetric,1.4206660900243973,1.9457433065035779,0.0,0.0,0.0,contam,0.3
7,40,asymmetric,1.401912515198245,2.485205975977513,0.0,0.0,0.0,contam,0.3
8,40,asymmetric,1.5539363279800174,6.22752595656797,0.0,0.0,0.0,contam,0.3
9,40,asymmetric,1.3757988195584714,2.88673298341115,0.0,0.0,0.0,contam,0.3
0,40,uniform,0.9121737954585767,0.3088074193148114,0.009950248756218907,1.0,0.005,contam,0.3
1,40,uniform,1.3580516559987341,0.7787173318935848,0.009950248756218907,1.0,0.005,contam,0.3
2,40,uniform,0.9632679108844496,0.19105199643230522,0.019801980198019802,1.0,0.01,contam,0.3
3,40,uniform,0.8550599048320512,0.06088144719965344,0.009950248756218907,1.0,0.005,contam,0.3
4,40,uniform,0.9784483819173421,0.15504304573338426,0.0,0.0,0.0,contam,0.3
5,40,uniform,1.1366342054100742,0.3104970681021788,0.0,0.0,0.0,contam,0.3
6,40,uniform,1.1677792662173632,0.492166471500576,0.009950248756218907,1.0,0.005,contam,0.3
7,40,uniform,1.0415946120843413,0.2874044495897246,0.0,0.0,0.0,contam,0.3
8,40,uniform,0.9649497262431153,0.14056745044037122,0.0,0.0,0.0,contam,0.3
9,40,uniform,0.8401684104132247,0.04280282680891536,0.0,0.0,0.0,contam,0.3
